<?xml version="1.0" encoding="UTF-8"?>
<configuration>

	<property name="HOME_LOG" value="C:/logs/stock-app.log"/>
	<appender name="ConsoleAppender" class="ch.qos.logback.core.ConsoleAppender">
		<encoder>
			<pattern>
				%d{MM:dd HH:mm:ss.SSS} [%t] [%level] [%logger{36}] - %msg%n
			</pattern>
		</encoder>
	</appender>

	<appender name="FileAppender" class="ch.qos.logback.core.FileAppender">
		 <file>${HOME_LOG}</file>
		<encoder class="ch.qos.logback.classic.encoder.PatternLayoutEncoder">
			<Pattern>
				%d{MM:dd HH:mm:ss.SSS} [%t] [%level] [%logger{36}] - %msg%n
			</Pattern>
		</encoder>
	</appender>
	
	<!-- <appender name="EMAIL" class="ch.qos.logback.classic.net.SMTPAppender">
        <smtpHost>smtp.mailgun.org</smtpHost>
        <smtpPort>25</smtpPort>
        <username>123</username>
        <password>123</password>
        <to>TO_EMAIL</to>
        <to>RO_ANOTHER_EMAIL</to>
        <from>FROM_EMAIL</from>
        <subject>TESTING: %logger{20} - %m</subject>

        <layout class="ch.qos.logback.classic.html.HTMLLayout"/>
    </appender> -->
    
   <!--  <logger name="com.java.beckman" level="error" additivity="false">
        <appender-ref ref="EMAIL"/>
    </logger> -->

	<!-- Logging custom package -->
	<logger name="com.java.beckman" level="info" additivity="false">
		<appender-ref ref="ConsoleAppender"></appender-ref>
		<appender-ref ref="FileAppender"></appender-ref>
	</logger>
	
	<!-- Logging spring boot package -->
	<logger name="org.springframework.boot" level="info" additivity="false">
		<appender-ref ref="ConsoleAppender"></appender-ref>
		<appender-ref ref="FileAppender"></appender-ref>
	</logger>


	<root level="info">
		<appender-ref ref="ConsoleAppender"></appender-ref>
		<appender-ref ref="FileAppender"></appender-ref>
	</root>
</configuration>